volatilite,mois,choc_publie,choc_recalcule,choc_coincide,total_publie,total_recalcule,total_coincide
5.0,1,36.0,36.0,True,41.0,41.0,True
5.0,115,29.1,29.136111111111113,True,34.1,34.1,True
5.0,550,20.0,20.0,True,25.0,25.0,True
18.7,1,22.3,22.3,True,41.0,41.0,True
18.7,115,16.2,16.245833333333337,True,34.9,34.9,True
18.7,550,6.3,6.300000000000001,True,25.0,25.0,True
54.0,1,-13.0,-13.0,True,41.0,41.0,True
54.0,115,-3.6,-3.5805555555555557,True,51.4,50.4,False
54.0,550,-29.0,-29.0,True,25.0,25.0,True
